id,first_name,last_name,email,gender,ip_address
1,Griselda,Tures,gtures0@home.pl,Female,63.139.159.33
2,Wayne,Kalker,wkalker1@smh.com.au,Male,174.25.144.183
3,Archibaldo,Ielden,aielden2@hatena.ne.jp,Male,39.29.167.225
4,Haleigh,Seacroft,hseacroft3@indiegogo.com,Male,27.156.138.23
5,Mac,Truett,mtruett4@moonfruit.com,Male,11.153.163.69
6,Tildy,Ganderton,tganderton5@4shared.com,Female,207.193.244.4
7,Brigit,Bannester,bbannester6@newyorker.com,Female,206.90.123.124
8,Ozzy,Kelledy,okelledy7@wisc.edu,Male,85.97.93.208
9,Bobbi,Willers,bwillers8@hatena.ne.jp,Female,68.208.131.211
10,Lancelot,Matthius,lmatthius9@who.int,Male,96.159.197.81
11,Abbot,Merida,ameridaa@harvard.edu,Male,193.219.31.234
12,Ado,State,astateb@vkontakte.ru,Male,223.220.187.46
13,Merlina,Sumpter,msumpterc@forbes.com,Female,246.108.136.193
14,Alvis,Brockett,abrockettd@dailymail.co.uk,Male,104.38.145.58
15,Dewey,Pinock,dpinocke@furl.net,Male,152.141.131.102
16,Nicol,Axton,naxtonf@g.co,Female,153.119.67.217
17,Holly,Soars,hsoarsg@mapy.cz,Female,156.43.222.3
18,Hertha,Brito,hbritoh@ehow.com,Female,196.221.95.43
19,Stillman,Awcock,sawcocki@hostgator.com,Male,82.10.42.124
20,Vonny,Twiname,vtwinamej@uol.com.br,Female,254.143.179.161
21,Vera,Speeks,vspeeksk@liveinternet.ru,Female,116.50.36.24
22,Wenda,Tuckerman,wtuckermanl@accuweather.com,Female,246.1.1.5
23,Anatollo,Jirsa,ajirsam@storify.com,Male,79.197.47.100
24,Tamqrah,McGray,tmcgrayn@alexa.com,Female,102.141.83.211
25,Celisse,Deegin,cdeegino@webmd.com,Female,208.197.80.198
26,Flossie,Woodham,fwoodhamp@tiny.cc,Female,135.23.156.204
27,Al,Wipper,awipperq@typepad.com,Male,15.225.160.202
28,Lucita,Aronow,laronowr@harvard.edu,Female,77.121.235.201
29,Luisa,Mabbott,lmabbotts@soup.io,Female,175.44.98.6
30,Anne-corinne,Agronski,aagronskit@ameblo.jp,Female,103.217.135.116
31,Bob,Stronough,bstronoughu@webeden.co.uk,Male,105.169.92.37
32,Nicolis,Bhatia,nbhatiav@ftc.gov,Male,138.248.179.195
33,Tymon,Swanwick,tswanwickw@independent.co.uk,Male,156.150.176.2
34,Filberto,Curr,fcurrx@shareasale.com,Male,211.122.34.211
35,Bobby,Denziloe,bdenziloey@google.it,Male,4.181.252.101
36,Lil,Drain,ldrainz@mapquest.com,Female,243.122.40.53
37,Shawn,Ramsey,sramsey10@surveymonkey.com,Male,185.250.196.41
38,Raimundo,Mossop,rmossop11@etsy.com,Male,100.116.246.187
39,Perceval,Heaps,pheaps12@cloudflare.com,Male,15.208.229.100
40,Teresina,Sahnow,tsahnow13@china.com.cn,Female,69.8.254.137
41,Dwight,Tuffin,dtuffin14@ihg.com,Male,23.42.146.159
42,Guillermo,Vasichev,gvasichev15@zdnet.com,Male,65.171.48.224
43,Marylynne,Hurdedge,mhurdedge16@rakuten.co.jp,Female,242.26.133.42
44,Elmore,Pedro,epedro17@gov.uk,Male,145.96.168.63
45,Blondelle,Housecroft,bhousecroft18@1und1.de,Female,112.59.60.255
46,Willette,Sodory,wsodory19@time.com,Female,13.123.131.177
47,Woody,Sewart,wsewart1a@sun.com,Male,75.113.114.190
48,Ashly,Hurley,ahurley1b@skyrock.com,Female,64.109.74.207
49,Noel,Tidbold,ntidbold1c@seesaa.net,Female,105.250.126.187
50,Mohandis,Basant,mbasant1d@nsw.gov.au,Male,188.158.153.77
51,Lorie,Itzkov,litzkov1e@vinaora.com,Female,34.113.64.70
52,Ellene,Feaks,efeaks1f@indiegogo.com,Female,38.127.44.171
53,Loria,Wyndham,lwyndham1g@virginia.edu,Female,178.139.62.130
54,Far,Killerby,fkillerby1h@github.io,Male,8.249.59.236
55,Cole,Routham,croutham1i@chron.com,Male,110.147.83.228
56,Eugenius,Utteridge,eutteridge1j@dagondesign.com,Male,220.195.90.61
57,Niles,Fendlen,nfendlen1k@topsy.com,Male,3.157.169.176
58,Kimmie,Knottley,kknottley1l@ucoz.ru,Female,24.45.99.95
59,Amalita,Gomersall,agomersall1m@webeden.co.uk,Female,234.159.238.192
60,Juli,Machel,jmachel1n@nifty.com,Female,218.58.220.106
61,Korie,Works,kworks1o@barnesandnoble.com,Female,53.57.90.164
62,Zitella,Leary,zleary1p@homestead.com,Female,116.30.247.5
63,Marsha,Lewsam,mlewsam1q@sogou.com,Female,220.55.209.219
64,Lynn,Strutton,lstrutton1r@hubpages.com,Male,198.195.57.94
65,Justen,Orbine,jorbine1s@jalbum.net,Male,202.232.244.66
66,Jori,Bortoletti,jbortoletti1t@hibu.com,Female,108.143.156.148
67,Zita,Gammage,zgammage1u@mtv.com,Female,137.202.111.177
68,Sydel,Mahady,smahady1v@imgur.com,Female,197.66.69.106
69,Waylen,Philipeaux,wphilipeaux1w@weebly.com,Male,247.229.171.89
70,Garold,Gateshill,ggateshill1x@mtv.com,Male,11.221.17.118
71,Andreana,Fiddler,afiddler1y@cbc.ca,Female,139.112.13.115
72,Kristopher,Boase,kboase1z@abc.net.au,Male,196.197.80.68
73,Fredek,Ronisch,fronisch20@archive.org,Male,168.93.101.211
74,Peria,Brenston,pbrenston21@dot.gov,Female,121.235.43.180
75,Talbert,Gaine,tgaine22@desdev.cn,Male,28.175.255.26
76,Randy,Sawer,rsawer23@paypal.com,Female,147.119.98.28
77,Omar,Sancias,osancias24@goo.gl,Male,50.203.103.68
78,Marten,Triplett,mtriplett25@twitter.com,Male,82.161.201.18
79,Calley,Maplesden,cmaplesden26@ebay.co.uk,Female,2.27.156.232
80,Rosa,Ort,rort27@reuters.com,Female,78.149.86.80
81,Carmencita,Weepers,cweepers28@myspace.com,Female,122.245.75.249
82,Anna,Dorken,adorken29@berkeley.edu,Female,147.223.111.145
83,Ezechiel,Mackstead,emackstead2a@nba.com,Male,123.74.134.110
84,Forrest,Fender,ffender2b@sohu.com,Male,236.144.154.254
85,Reena,Ligertwood,rligertwood2c@java.com,Female,176.32.84.3
86,Miguela,Rous,mrous2d@desdev.cn,Female,227.177.196.246
87,Bettye,Gosling,bgosling2e@pinterest.com,Female,89.175.52.46
88,Hy,Matherson,hmatherson2f@reuters.com,Male,188.191.157.55
89,Peder,Case,pcase2g@sbwire.com,Male,200.150.147.120
90,Vally,Seelbach,vseelbach2h@senate.gov,Female,193.41.236.108
91,Robenia,Lamerton,rlamerton2i@independent.co.uk,Female,244.159.96.103
92,Harriette,Stocker,hstocker2j@exblog.jp,Female,133.68.30.28
93,Feodora,Batthew,fbatthew2k@tuttocitta.it,Female,92.6.185.92
94,Munroe,Durden,mdurden2l@bigcartel.com,Male,196.91.150.189
95,Cara,Dubose,cdubose2m@vimeo.com,Female,79.26.210.247
96,Celine,Risbie,crisbie2n@artisteer.com,Female,140.82.173.189
97,Corly,Shakspeare,cshakspeare2o@linkedin.com,Female,239.136.0.39
98,Carley,Dibley,cdibley2p@twitpic.com,Female,215.6.84.81
99,Katheryn,Rosenschein,krosenschein2q@tumblr.com,Female,128.12.139.111
100,Johannah,Bozier,jbozier2r@angelfire.com,Female,158.146.68.241
101,Kelcy,Grey,kgrey2s@istockphoto.com,Female,119.164.93.184
102,Perle,Blencowe,pblencowe2t@unblog.fr,Female,133.243.48.67
103,Adolf,Howchin,ahowchin2u@apache.org,Male,4.219.23.205
104,Wynn,Harrowsmith,wharrowsmith2v@hexun.com,Male,42.122.106.84
105,Ebony,Deluze,edeluze2w@phpbb.com,Female,152.242.17.239
106,Robinett,Bartalucci,rbartalucci2x@nps.gov,Female,1.122.212.251
107,Adamo,Standley,astandley2y@privacy.gov.au,Male,190.163.87.244
108,Reinwald,Manilow,rmanilow2z@virginia.edu,Male,181.206.207.156
109,Berkie,Reskelly,breskelly30@goo.gl,Male,133.239.51.143
110,Oswald,Gomm,ogomm31@cargocollective.com,Male,141.115.207.90
111,Binny,Thursby,bthursby32@jimdo.com,Female,254.203.151.84
112,Javier,Rasmus,jrasmus33@smh.com.au,Male,16.129.124.77
113,Jackie,Pikesley,jpikesley34@ocn.ne.jp,Female,98.24.186.52
114,Cordelia,Capstack,ccapstack35@squidoo.com,Female,167.69.70.171
115,Meryl,Schach,mschach36@cpanel.net,Female,10.228.207.171
116,Guinevere,Matevosian,gmatevosian37@reddit.com,Female,211.86.160.46
117,Nerita,Swires,nswires38@fda.gov,Female,89.113.32.191
118,Nona,Lansly,nlansly39@icio.us,Female,48.149.96.15
119,Osgood,Milmore,omilmore3a@booking.com,Male,55.54.153.15
120,Tarrance,Ritchie,tritchie3b@purevolume.com,Male,158.59.200.115
121,Franciska,Trammel,ftrammel3c@samsung.com,Female,42.75.141.13
122,Annadiana,Mamwell,amamwell3d@privacy.gov.au,Female,118.247.179.2
123,Vinny,Dron,vdron3e@usatoday.com,Male,109.145.223.248
124,Manuel,Sictornes,msictornes3f@dell.com,Male,244.156.24.39
125,Zola,Milazzo,zmilazzo3g@bluehost.com,Female,203.232.228.131
126,Woodie,Dillet,wdillet3h@redcross.org,Male,16.105.233.158
127,Sigismond,Pecey,specey3i@homestead.com,Male,254.54.6.66
128,Marcelline,Gennrich,mgennrich3j@sfgate.com,Female,38.27.6.184
129,Hillard,Clemot,hclemot3k@indiatimes.com,Male,242.0.1.133
130,Alfonse,Marcroft,amarcroft3l@alexa.com,Male,3.62.96.149
131,Thedrick,Fenge,tfenge3m@mail.ru,Male,238.221.17.27
132,Erroll,Dondon,edondon3n@goo.gl,Male,47.133.219.116
133,Berke,Sadler,bsadler3o@blinklist.com,Male,90.149.216.119
134,Blinny,Verchambre,bverchambre3p@squidoo.com,Female,105.180.200.84
135,Sanders,Hackett,shackett3q@stumbleupon.com,Male,238.45.169.28
136,Rab,Trineman,rtrineman3r@indiatimes.com,Male,231.16.160.234
137,Ileana,Lydford,ilydford3s@jalbum.net,Female,126.58.109.191
138,Adrien,Lindmark,alindmark3t@youtube.com,Male,245.230.84.68
139,Pablo,Towle,ptowle3u@independent.co.uk,Male,8.89.31.30
140,Arline,Annakin,aannakin3v@geocities.jp,Female,10.126.95.243
141,Darcie,Warden,dwarden3w@columbia.edu,Female,150.133.119.175
142,Scott,Artharg,sartharg3x@umich.edu,Male,52.253.98.67
143,Gus,Broy,gbroy3y@macromedia.com,Male,59.149.129.38
144,Kristoffer,Dell,kdell3z@skype.com,Male,255.204.155.15
145,Penni,Gregoli,pgregoli40@storify.com,Female,162.255.105.184
146,Ursa,Karolovsky,ukarolovsky41@nsw.gov.au,Female,219.153.239.217
147,Thorin,Quarmby,tquarmby42@nationalgeographic.com,Male,157.146.132.74
148,Kris,Whibley,kwhibley43@hostgator.com,Male,155.100.6.181
149,Kennan,Wimpenny,kwimpenny44@t-online.de,Male,196.37.223.159
150,Darius,Bloyes,dbloyes45@examiner.com,Male,28.232.109.237
151,Milty,Gilbride,mgilbride46@google.com.hk,Male,14.226.175.179
152,Pennie,Akenhead,pakenhead47@vimeo.com,Female,20.20.218.37
153,Marcello,Burbank,mburbank48@senate.gov,Male,62.169.237.27
154,Shandy,Schwier,sschwier49@archive.org,Female,185.191.215.37
155,Alfred,Shuttleworth,ashuttleworth4a@barnesandnoble.com,Male,224.144.134.93
156,Arden,Braidwood,abraidwood4b@merriam-webster.com,Female,174.158.164.129
157,Jarred,Madner,jmadner4c@digg.com,Male,147.150.45.59
158,Briggs,Sillett,bsillett4d@umich.edu,Male,227.82.100.110
159,Ema,Elsley,eelsley4e@furl.net,Female,161.27.182.87
160,Allis,Karpman,akarpman4f@spotify.com,Female,32.204.215.68
161,Tallie,State,tstate4g@addthis.com,Male,82.46.146.125
162,Cordelie,Graveson,cgraveson4h@samsung.com,Female,237.72.97.10
163,Callean,Ammer,cammer4i@unc.edu,Male,153.154.153.147
164,Verge,O' Scallan,voscallan4j@wikimedia.org,Male,26.64.123.22
165,Bob,Pardon,bpardon4k@multiply.com,Male,231.124.131.188
166,Dolly,D'Elia,ddelia4l@desdev.cn,Female,106.143.234.96
167,Blair,Trout,btrout4m@slate.com,Male,85.43.152.88
168,Vincenz,Bothram,vbothram4n@domainmarket.com,Male,111.168.1.179
169,Halette,Brunelleschi,hbrunelleschi4o@vinaora.com,Female,227.126.64.74
170,Steward,Joan,sjoan4p@cafepress.com,Male,178.62.57.7
171,Graehme,Adey,gadey4q@bloglines.com,Male,69.120.49.81
172,Alejandro,Bazley,abazley4r@earthlink.net,Male,152.17.95.250
173,Ryan,Rowberry,rrowberry4s@intel.com,Male,26.75.58.151
174,Thor,Kuhnt,tkuhnt4t@prweb.com,Male,78.243.127.18
175,Wilfred,Verrillo,wverrillo4u@microsoft.com,Male,111.48.131.17
176,Hesther,Cometto,hcometto4v@sourceforge.net,Female,80.37.101.204
177,Laraine,Younge,lyounge4w@cornell.edu,Female,13.126.192.192
178,Charisse,Fiennes,cfiennes4x@wp.com,Female,159.62.59.167
179,Corina,Durtnell,cdurtnell4y@washingtonpost.com,Female,209.216.108.182
180,Kelley,Aldrick,kaldrick4z@xinhuanet.com,Female,238.31.138.71
181,Sharity,Critzen,scritzen50@alexa.com,Female,247.61.162.16
182,Davidson,Islip,dislip51@disqus.com,Male,154.1.80.77
183,Ad,Colling,acolling52@newyorker.com,Male,215.215.127.17
184,Tommie,Hanscome,thanscome53@phoca.cz,Male,167.43.155.54
185,Simonette,Pitblado,spitblado54@fastcompany.com,Female,194.60.163.239
186,Mack,Bellas,mbellas55@themeforest.net,Male,37.39.95.8
187,Valentin,Lathy,vlathy56@alibaba.com,Male,31.243.104.166
188,Parke,Bengough,pbengough57@springer.com,Male,64.95.176.117
189,Marnia,Bachs,mbachs58@aol.com,Female,13.100.147.75
190,Briant,Mee,bmee59@twitter.com,Male,9.140.137.136
191,Aryn,August,aaugust5a@bluehost.com,Female,195.146.162.114
192,Yancy,Penddreth,ypenddreth5b@slashdot.org,Male,80.195.44.182
193,Modesty,Panas,mpanas5c@yahoo.co.jp,Female,187.233.112.21
194,Nick,Wilbud,nwilbud5d@dyndns.org,Male,181.191.200.90
195,Arlinda,McAvey,amcavey5e@uol.com.br,Female,88.241.88.226
196,Octavia,Temperley,otemperley5f@comsenz.com,Female,91.168.128.227
197,Abey,Petett,apetett5g@msu.edu,Male,177.145.68.73
198,Agneta,Redwing,aredwing5h@hatena.ne.jp,Female,125.180.63.127
199,Spenser,Colvin,scolvin5i@umich.edu,Male,254.14.62.108
200,Christophe,Chestnut,cchestnut5j@newsvine.com,Male,76.1.7.107
201,Jada,McCromley,jmccromley5k@biblegateway.com,Female,123.153.148.206
202,Rachael,Szwarc,rszwarc5l@hexun.com,Female,247.97.199.33
203,Paxton,Syddall,psyddall5m@hatena.ne.jp,Male,91.166.88.170
204,Hersh,Petronis,hpetronis5n@bloglines.com,Male,163.119.67.233
205,Helenka,Doorbar,hdoorbar5o@usa.gov,Female,118.244.206.231
206,Fleurette,Caustic,fcaustic5p@webeden.co.uk,Female,183.189.165.160
207,Constantino,Moneti,cmoneti5q@jimdo.com,Male,202.27.234.9
208,Leeanne,Hebble,lhebble5r@canalblog.com,Female,22.79.210.143
209,Ailsun,Sebrens,asebrens5s@ycombinator.com,Female,197.211.2.80
210,Marcello,Zielinski,mzielinski5t@elpais.com,Male,2.138.179.55
211,Elvina,Spadollini,espadollini5u@whitehouse.gov,Female,195.101.21.61
212,Lenka,Longforth,llongforth5v@netscape.com,Female,145.255.0.151
213,Alexandrina,Jovasevic,ajovasevic5w@123-reg.co.uk,Female,187.172.182.99
214,Catina,Brammar,cbrammar5x@va.gov,Female,216.232.242.211
215,Lorrin,D'Adamo,ldadamo5y@tripod.com,Female,49.232.66.77
216,Joanne,MacConnal,jmacconnal5z@technorati.com,Female,50.13.178.234
217,Amelina,Aldrich,aaldrich60@theguardian.com,Female,30.198.20.112
218,Cari,Eveque,ceveque61@weather.com,Female,193.189.170.118
219,Scotti,Legerton,slegerton62@soup.io,Male,75.176.116.118
220,Corilla,Trussman,ctrussman63@msn.com,Female,110.131.203.25
221,Dolly,Vankov,dvankov64@gmpg.org,Female,230.250.14.241
222,Frasquito,Dannohl,fdannohl65@amazon.co.uk,Male,252.89.80.82
223,Alexis,Balm,abalm66@time.com,Male,191.224.178.227
224,Robin,Vannucci,rvannucci67@shinystat.com,Female,41.52.11.222
225,Kelsey,Malan,kmalan68@skype.com,Female,205.72.231.66
226,Kelcey,Hankins,khankins69@themeforest.net,Female,162.187.74.141
227,Valma,Thomasson,vthomasson6a@independent.co.uk,Female,199.208.120.59
228,Sylvan,McTear,smctear6b@senate.gov,Male,23.33.73.153
229,Nikolas,Tanner,ntanner6c@hao123.com,Male,201.152.119.100
230,Jemima,Rosenwald,jrosenwald6d@ow.ly,Female,78.184.48.118
231,Shay,Mateuszczyk,smateuszczyk6e@hugedomains.com,Female,74.24.171.224
232,Sigismond,Powney,spowney6f@hc360.com,Male,88.143.54.9
233,Kristine,Haselwood,khaselwood6g@csmonitor.com,Female,107.75.32.232
234,Valdemar,Robelet,vrobelet6h@arizona.edu,Male,143.158.88.234
235,Dominique,Hayworth,dhayworth6i@xrea.com,Female,109.61.17.25
236,Trent,Hundley,thundley6j@naver.com,Male,57.239.47.142
237,Katleen,Greystock,kgreystock6k@twitpic.com,Female,153.218.39.109
238,Sarina,Besantie,sbesantie6l@indiatimes.com,Female,110.211.0.248
239,Marisa,Spyby,mspyby6m@google.pl,Female,190.20.218.1
240,Thornton,Dank,tdank6n@youku.com,Male,169.110.174.114
241,Wat,Tieraney,wtieraney6o@google.co.jp,Male,201.133.213.68
242,Dar,Celez,dcelez6p@google.ca,Male,23.32.119.248
243,Leese,Benninck,lbenninck6q@sitemeter.com,Female,124.79.185.204
244,Virginia,Wherrett,vwherrett6r@patch.com,Female,49.76.245.16
245,Niko,Goodlip,ngoodlip6s@quantcast.com,Male,5.144.204.12
246,Barnie,Teasell,bteasell6t@acquirethisname.com,Male,48.190.47.220
247,Brucie,Tregear,btregear6u@intel.com,Male,60.249.131.75
248,Deina,Trenear,dtrenear6v@is.gd,Female,66.235.206.246
249,Tanney,Beagles,tbeagles6w@nymag.com,Male,31.145.28.246
250,Roldan,Goodricke,rgoodricke6x@networkadvertising.org,Male,105.245.64.209
251,Staffard,Linkie,slinkie6y@zdnet.com,Male,34.1.172.201
252,Ki,Prugel,kprugel6z@addthis.com,Female,19.137.179.213
253,Gaylene,Drydale,gdrydale70@reverbnation.com,Female,62.73.68.140
254,Joycelin,Julian,jjulian71@myspace.com,Female,192.49.242.200
255,Joni,Rushmare,jrushmare72@sina.com.cn,Female,173.123.210.28
256,Clay,Poveleye,cpoveleye73@cnn.com,Male,135.72.99.210
257,Reece,Campbell-Dunlop,rcampbelldunlop74@sitemeter.com,Male,179.62.200.129
258,Nertie,Toping,ntoping75@noaa.gov,Female,117.96.202.51
259,Phebe,Cretney,pcretney76@google.co.uk,Female,198.215.227.130
260,Jareb,Candlin,jcandlin77@amazon.de,Male,237.13.34.162
261,Simeon,Schwartz,sschwartz78@nps.gov,Male,217.91.132.120
262,Mabelle,Bellin,mbellin79@paginegialle.it,Female,222.65.228.247
263,Oberon,Kondratenya,okondratenya7a@surveymonkey.com,Male,155.195.242.161
264,Cash,Innett,cinnett7b@sourceforge.net,Male,16.7.12.20
265,Ferdie,Pfeffel,fpfeffel7c@bing.com,Male,46.211.169.11
266,Odille,O'Doherty,oodoherty7d@storify.com,Female,223.19.229.251
267,Clement,Bullock,cbullock7e@nba.com,Male,237.44.32.114
268,Idell,Gratten,igratten7f@goodreads.com,Female,127.95.188.117
269,Major,Manketell,mmanketell7g@ovh.net,Male,185.193.19.230
270,Silvana,Gabey,sgabey7h@spiegel.de,Female,21.37.120.243
271,Jules,Lafayette,jlafayette7i@examiner.com,Male,171.65.69.86
272,Der,Tidd,dtidd7j@narod.ru,Male,94.176.253.161
273,Ranique,Berkowitz,rberkowitz7k@google.ru,Female,184.244.181.5
274,Gareth,Innman,ginnman7l@seattletimes.com,Male,100.149.54.33
275,Mendy,Stive,mstive7m@fc2.com,Male,150.84.15.13
276,Kimmi,Tong,ktong7n@wisc.edu,Female,136.12.76.125
277,Portie,Avey,pavey7o@aboutads.info,Male,13.12.3.125
278,Abbey,Gulliford,agulliford7p@lycos.com,Female,45.112.71.75
279,Helaina,Lukasik,hlukasik7q@imdb.com,Female,115.21.130.106
280,Gusty,Jakubski,gjakubski7r@woothemes.com,Female,127.147.253.190
281,Margaretta,Skea,mskea7s@mtv.com,Female,21.90.207.82
282,Felita,Chastan,fchastan7t@washington.edu,Female,184.31.155.29
283,Gino,Croizier,gcroizier7u@moonfruit.com,Male,134.214.89.43
284,Aloisia,McTeer,amcteer7v@jugem.jp,Female,133.185.181.53
285,Bev,Brosoli,bbrosoli7w@joomla.org,Male,145.175.236.176
286,Quint,Blankhorn,qblankhorn7x@newsvine.com,Male,165.208.164.252
287,Dasie,Brownrigg,dbrownrigg7y@barnesandnoble.com,Female,113.110.67.77
288,Franklin,Hannis,fhannis7z@tmall.com,Male,188.102.101.83
289,Putnam,Haddington,phaddington80@princeton.edu,Male,172.124.89.68
290,Dora,Buey,dbuey81@miitbeian.gov.cn,Female,130.145.127.92
291,Aline,Bethune,abethune82@163.com,Female,58.57.130.211
292,Daryle,Thame,dthame83@newsvine.com,Male,155.7.119.126
293,Jeremiah,Harbin,jharbin84@kickstarter.com,Male,129.216.148.237
294,Hazel,Minchinden,hminchinden85@sciencedirect.com,Male,246.42.82.30
295,Frayda,Plewman,fplewman86@sina.com.cn,Female,6.240.237.3
296,Juliette,Skeel,jskeel87@1und1.de,Female,48.188.85.109
297,Marin,Bispo,mbispo88@about.me,Female,156.22.20.93
298,Brendin,Sporgeon,bsporgeon89@seesaa.net,Male,94.119.106.19
299,Antonella,Guerin,aguerin8a@howstuffworks.com,Female,190.50.247.127
300,Joleen,Sebring,jsebring8b@chronoengine.com,Female,236.193.182.147
301,Doug,Honnan,dhonnan8c@psu.edu,Male,63.237.174.178
302,Maryanna,Cantera,mcantera8d@imageshack.us,Female,154.255.78.247
303,Carmita,Weinham,cweinham8e@smugmug.com,Female,196.113.248.227
304,Winny,Gartside,wgartside8f@telegraph.co.uk,Male,216.90.80.151
305,Gunner,Battleson,gbattleson8g@uiuc.edu,Male,140.152.19.219
306,Hope,Opdenorth,hopdenorth8h@ameblo.jp,Female,183.46.191.136
307,Velvet,Sedgefield,vsedgefield8i@twitter.com,Female,100.84.96.12
308,Barry,Babst,bbabst8j@who.int,Male,206.131.218.102
309,Bernardo,Tippler,btippler8k@nature.com,Male,26.204.112.204
310,Gar,Salman,gsalman8l@cam.ac.uk,Male,22.40.163.255
311,Clareta,Elden,celden8m@printfriendly.com,Female,13.139.120.220
312,Susie,Haylor,shaylor8n@deviantart.com,Female,198.17.79.208
313,Meredith,Hawarden,mhawarden8o@istockphoto.com,Male,15.99.130.66
314,Oralla,Klemenz,oklemenz8p@cyberchimps.com,Female,66.198.107.60
315,Allissa,Gylle,agylle8q@gizmodo.com,Female,59.212.25.63
316,Kurtis,Gosnay,kgosnay8r@yale.edu,Male,6.8.214.247
317,Fredra,Hryniewicki,fhryniewicki8s@odnoklassniki.ru,Female,25.77.74.49
318,Regen,Willas,rwillas8t@nyu.edu,Male,78.159.166.14
319,Roseline,Giraudat,rgiraudat8u@abc.net.au,Female,226.198.197.191
320,Yolande,Northeast,ynortheast8v@soup.io,Female,208.72.3.135
321,Richardo,Neljes,rneljes8w@histats.com,Male,120.10.177.91
322,Misha,Ojeda,mojeda8x@flavors.me,Female,89.29.118.55
323,Emanuel,Linggard,elinggard8y@nps.gov,Male,52.219.212.104
324,Sebastien,Riditch,sriditch8z@phoca.cz,Male,116.243.3.137
325,Bertrando,Fisher,bfisher90@cnn.com,Male,125.41.119.104
326,Berta,McCloughen,bmccloughen91@huffingtonpost.com,Female,30.239.5.27
327,Lelah,Pawley,lpawley92@adobe.com,Female,168.67.164.206
328,Raul,Lethbridge,rlethbridge93@fema.gov,Male,134.136.199.127
329,Penelope,Keyzor,pkeyzor94@cafepress.com,Female,93.84.138.65
330,Giselbert,Forgie,gforgie95@netvibes.com,Male,18.178.68.153
331,Ewan,Daenen,edaenen96@earthlink.net,Male,93.0.99.181
332,Jeana,Hovington,jhovington97@sciencedaily.com,Female,139.139.115.138
333,Holden,Dumigan,hdumigan98@friendfeed.com,Male,204.102.236.81
334,Viki,Durdle,vdurdle99@youtube.com,Female,44.13.38.97
335,Dorothea,Tanguy,dtanguy9a@cnbc.com,Female,39.206.13.6
336,Virge,Ryhorovich,vryhorovich9b@homestead.com,Male,115.143.106.210
337,Flem,Mussettini,fmussettini9c@epa.gov,Male,72.52.118.99
338,Sandor,Rimes,srimes9d@github.io,Male,151.158.49.83
339,Marcellina,Nelligan,mnelligan9e@hatena.ne.jp,Female,68.27.35.6
340,Ahmed,Olohan,aolohan9f@illinois.edu,Male,128.20.55.235
341,Lillis,Aistrop,laistrop9g@wordpress.org,Female,70.69.126.96
342,Pepe,Malecky,pmalecky9h@shareasale.com,Male,92.121.38.60
343,Taylor,Ficken,tficken9i@paypal.com,Male,55.85.224.226
344,Jeana,Dabs,jdabs9j@google.nl,Female,59.171.126.122
345,Erny,Itzchaky,eitzchaky9k@flavors.me,Male,124.2.163.110
346,Margalit,Kalkofen,mkalkofen9l@google.com.hk,Female,154.5.144.173
347,Cosimo,Wolstenholme,cwolstenholme9m@xinhuanet.com,Male,140.24.191.50
348,Robinet,Bartalini,rbartalini9n@cdc.gov,Male,40.212.9.105
349,Willdon,Roj,wroj9o@fotki.com,Male,186.196.184.160
350,Winna,Starten,wstarten9p@bizjournals.com,Female,229.67.13.236
351,Joshua,Houchen,jhouchen9q@spiegel.de,Male,26.4.247.241
352,Kalie,Kroch,kkroch9r@jimdo.com,Female,206.79.246.219
353,Zachariah,Comrie,zcomrie9s@ustream.tv,Male,246.194.216.143
354,Sara-ann,Fullerlove,sfullerlove9t@1688.com,Female,59.221.121.94
355,Maryjo,Phittiplace,mphittiplace9u@irs.gov,Female,12.44.140.147
356,Daffi,Ellesworthe,dellesworthe9v@mail.ru,Female,101.23.187.44
357,Nick,Flude,nflude9w@umich.edu,Male,245.254.72.133
358,Collette,Crutchfield,ccrutchfield9x@ed.gov,Female,101.229.55.130
359,Felicia,Heinig,fheinig9y@businesswire.com,Female,20.39.225.11
360,Darrelle,Drinkwater,ddrinkwater9z@oracle.com,Female,45.185.114.230
361,Pepi,Batterton,pbattertona0@adobe.com,Female,157.246.205.18
362,Cristobal,Randalston,crandalstona1@ow.ly,Male,92.107.198.20
363,Donella,Almey,dalmeya2@homestead.com,Female,39.87.83.239
364,Sara,Dalinder,sdalindera3@digg.com,Female,8.202.140.34
365,Vinnie,Gibb,vgibba4@webmd.com,Female,75.58.254.205
366,Inglebert,Keenan,ikeenana5@cocolog-nifty.com,Male,60.74.117.115
367,Hillary,Bootton,hboottona6@google.com.br,Female,166.40.137.245
368,Karen,Friese,kfriesea7@wisc.edu,Female,44.53.116.128
369,Butch,Somerscales,bsomerscalesa8@hc360.com,Male,68.37.86.101
370,Celinka,Pennoni,cpennonia9@businessinsider.com,Female,5.209.33.132
371,Alfonso,Berisford,aberisfordaa@uol.com.br,Male,229.95.69.117
372,Minor,Goretti,mgorettiab@a8.net,Male,11.96.210.237
373,Lucian,Dunthorne,ldunthorneac@google.de,Male,209.40.159.114
374,Melly,Albrecht,malbrechtad@about.me,Female,38.87.150.252
375,Menard,Manz,mmanzae@usda.gov,Male,93.124.161.1
376,Robb,Bunford,rbunfordaf@who.int,Male,65.55.13.147
377,Carmelita,Brumen,cbrumenag@china.com.cn,Female,44.197.24.6
378,Hastings,Trayes,htrayesah@alibaba.com,Male,99.165.10.221
379,Ealasaid,Hlavac,ehlavacai@aboutads.info,Female,191.130.107.195
380,Darlene,Baike,dbaikeaj@technorati.com,Female,29.59.177.153
381,Gary,Czaple,gczapleak@telegraph.co.uk,Male,177.152.218.76
382,Portie,Rilston,prilstonal@cmu.edu,Male,48.141.60.201
383,Hilarius,Mohammad,hmohammadam@themeforest.net,Male,133.27.14.66
384,Wain,Arpe,warpean@sciencedaily.com,Male,124.71.162.108
385,Ermin,Hosier,ehosierao@usda.gov,Male,173.165.180.250
386,Charmain,Gipp,cgippap@twitter.com,Female,18.220.106.109
387,Juieta,MacCosty,jmaccostyaq@vimeo.com,Female,203.121.73.139
388,Cloris,Skuce,cskucear@sitemeter.com,Female,19.32.178.100
389,Biron,Danielsson,bdanielssonas@ycombinator.com,Male,58.175.151.209
390,Nikoletta,Culbard,nculbardat@chicagotribune.com,Female,16.84.95.146
391,Jemima,Lissandre,jlissandreau@google.com,Female,87.216.127.134
392,Cam,Bellworthy,cbellworthyav@furl.net,Female,26.191.145.26
393,Robbie,Vizor,rvizoraw@youtube.com,Male,68.111.91.201
394,Shep,Hardy,shardyax@furl.net,Male,117.2.212.46
395,Codi,Bickerdyke,cbickerdykeay@booking.com,Female,212.4.97.72
396,Kermit,Whear,kwhearaz@cdc.gov,Male,43.65.192.43
397,Vale,Sharphouse,vsharphouseb0@macromedia.com,Male,22.131.201.108
398,Kassia,Jados,kjadosb1@noaa.gov,Female,1.248.160.158
399,Archibaldo,Sawter,asawterb2@cocolog-nifty.com,Male,57.203.122.23
400,Markus,Surcomb,msurcombb3@1688.com,Male,233.45.44.193
401,Kissie,Elmhirst,kelmhirstb4@businessweek.com,Female,199.146.158.27
402,Minetta,Brikner,mbriknerb5@cornell.edu,Female,206.11.41.16
403,Arturo,Matthiae,amatthiaeb6@wordpress.org,Male,64.189.62.160
404,Hayden,Filipovic,hfilipovicb7@google.com.au,Male,40.147.239.49
405,Elnora,Fairbrace,efairbraceb8@github.io,Female,165.131.193.120
406,Ward,Bottoms,wbottomsb9@sourceforge.net,Male,83.199.169.35
407,Lois,Mulvy,lmulvyba@1und1.de,Female,182.73.238.2
408,Martin,Rozier,mrozierbb@behance.net,Male,215.110.58.112
409,Harvey,Durber,hdurberbc@indiatimes.com,Male,176.192.13.149
410,Abel,Meyrick,ameyrickbd@163.com,Male,230.174.73.122
411,Patty,Pagram,ppagrambe@comsenz.com,Female,223.205.56.239
412,Ody,Roxbrough,oroxbroughbf@exblog.jp,Male,197.143.12.234
413,Leopold,Terzi,lterzibg@howstuffworks.com,Male,75.125.57.108
414,Doy,Janczewski,djanczewskibh@umn.edu,Male,205.242.29.117
415,Ebony,Peverell,epeverellbi@merriam-webster.com,Female,53.253.231.190
416,Grady,Lippingwell,glippingwellbj@cnet.com,Male,158.144.101.19
417,Aileen,Ferry,aferrybk@sciencedaily.com,Female,194.238.60.26
418,Ingunna,Olliver,iolliverbl@shinystat.com,Female,136.255.191.188
419,Terrill,Dandie,tdandiebm@domainmarket.com,Male,204.76.66.77
420,Tadeas,Sayce,tsaycebn@vk.com,Male,179.236.216.9
421,Rodie,Dymock,rdymockbo@ezinearticles.com,Female,4.43.121.49
422,Allx,Van Bruggen,avanbruggenbp@etsy.com,Female,84.240.233.197
423,Kristine,Largan,klarganbq@flickr.com,Female,119.96.187.214
424,Tabbie,Forte,tfortebr@spotify.com,Female,125.145.132.43
425,Ranique,Malloy,rmalloybs@surveymonkey.com,Female,247.227.233.98
426,Nonna,Oen,noenbt@upenn.edu,Female,202.231.22.129
427,Reta,Samme,rsammebu@cocolog-nifty.com,Female,241.159.6.219
428,Peyton,Keigher,pkeigherbv@meetup.com,Male,172.146.17.158
429,Sascha,Decourt,sdecourtbw@bing.com,Female,35.189.118.54
430,Benetta,Bielefeld,bbielefeldbx@mac.com,Female,100.176.255.208
431,Jamima,Dunkirk,jdunkirkby@about.com,Female,10.254.175.147
432,Kittie,Darragh,kdarraghbz@house.gov,Female,76.69.118.127
433,Nowell,Maps,nmapsc0@taobao.com,Male,195.205.135.142
434,Chloe,Scotchmore,cscotchmorec1@cbsnews.com,Female,249.91.148.151
435,Cesya,Asty,castyc2@angelfire.com,Female,93.14.18.196
436,Trixy,Drewe,tdrewec3@amazonaws.com,Female,68.37.100.18
437,Jason,Sturch,jsturchc4@i2i.jp,Male,141.136.220.104
438,Theodore,Cuttelar,tcuttelarc5@google.es,Male,200.68.162.12
439,Durante,Kobsch,dkobschc6@networksolutions.com,Male,11.175.49.26
440,Crosby,Catterick,ccatterickc7@rakuten.co.jp,Male,104.242.22.33
441,Dorolisa,Cromblehome,dcromblehomec8@aboutads.info,Female,118.41.65.42
442,Pippy,Dufaire,pdufairec9@squarespace.com,Female,201.89.109.24
443,Osmund,Gallego,ogallegoca@hud.gov,Male,252.123.76.190
444,Marti,Welsh,mwelshcb@drupal.org,Female,116.4.215.143
445,Faye,Kalinsky,fkalinskycc@disqus.com,Female,119.29.138.93
446,Tann,Kurth,tkurthcd@timesonline.co.uk,Male,28.204.93.163
447,Grove,Stockbridge,gstockbridgece@sitemeter.com,Male,45.103.185.139
448,Artemas,Ardling,aardlingcf@amazon.de,Male,59.184.219.105
449,Muffin,Blumire,mblumirecg@adobe.com,Female,76.69.102.152
450,Cash,Gehring,cgehringch@posterous.com,Male,81.237.91.238
451,Aurelie,Simmings,asimmingsci@hud.gov,Female,188.164.148.29
452,Clovis,Ruzicka,cruzickacj@boston.com,Female,88.252.81.144
453,Susann,Dugmore,sdugmoreck@wordpress.org,Female,102.77.154.29
454,Lockwood,Tavner,ltavnercl@google.es,Male,177.110.221.25
455,Normie,Anscott,nanscottcm@go.com,Male,242.78.116.203
456,Hussein,Grigorescu,hgrigorescucn@cdc.gov,Male,206.184.80.71
457,Christophe,Labroue,clabroueco@pen.io,Male,204.224.173.73
458,Sydelle,Dimic,sdimiccp@twitpic.com,Female,193.150.56.155
459,Norri,Sappson,nsappsoncq@xinhuanet.com,Female,103.97.131.156
460,Merola,Fryatt,mfryattcr@upenn.edu,Female,104.197.163.41
461,Freddie,Booty,fbootycs@infoseek.co.jp,Male,85.60.209.247
462,Nonah,Sparshott,nsparshottct@csmonitor.com,Female,37.238.173.60
463,Kimberli,Dymott,kdymottcu@google.com.hk,Female,73.209.2.2
464,Geneva,Faire,gfairecv@admin.ch,Female,185.61.51.155
465,Emlen,Brockie,ebrockiecw@ihg.com,Male,199.172.157.55
466,Paola,Maciaszek,pmaciaszekcx@exblog.jp,Female,148.247.172.165
467,Luther,Branno,lbrannocy@nyu.edu,Male,34.18.87.32
468,Matthus,Mawford,mmawfordcz@tamu.edu,Male,95.122.135.23
469,Hyacinthe,Klementz,hklementzd0@dmoz.org,Female,163.24.105.151
470,Cullan,Freeman,cfreemand1@squidoo.com,Male,109.243.17.58
471,Glenda,Grooby,ggroobyd2@springer.com,Female,13.22.128.15
472,Nobie,Hadwin,nhadwind3@yelp.com,Male,135.165.153.11
473,Rozanna,Collier,rcollierd4@skyrock.com,Female,44.123.97.172
474,Merell,Tomek,mtomekd5@webeden.co.uk,Male,203.107.141.151
475,Larina,Haliburton,lhaliburtond6@merriam-webster.com,Female,245.39.236.72
476,Keenan,De Fraine,kdefrained7@wikispaces.com,Male,82.175.167.143
477,Hugibert,DeSousa,hdesousad8@smugmug.com,Male,142.184.86.250
478,Cly,Petkovic,cpetkovicd9@icio.us,Male,68.26.133.213
479,Viva,Levens,vlevensda@over-blog.com,Female,93.80.41.136
480,Melisse,Vinsen,mvinsendb@narod.ru,Female,184.133.81.95
481,Ginny,McVee,gmcveedc@artisteer.com,Female,17.243.72.213
482,Alisun,Gladtbach,agladtbachdd@house.gov,Female,34.67.9.75
483,Chet,Cater,ccaterde@chicagotribune.com,Male,56.30.106.151
484,Constantina,Cornthwaite,ccornthwaitedf@salon.com,Female,43.160.40.51
485,Red,Pragnall,rpragnalldg@narod.ru,Male,34.185.57.224
486,Herby,Boarer,hboarerdh@cyberchimps.com,Male,202.170.24.29
487,George,Wogan,gwogandi@npr.org,Male,217.109.65.242
488,Elvira,Lamperd,elamperddj@lulu.com,Female,235.54.39.236
489,Trefor,Hennington,thenningtondk@geocities.com,Male,236.78.219.139
490,Merla,Galbraeth,mgalbraethdl@blogger.com,Female,169.26.196.207
491,Chaim,Challes,cchallesdm@hostgator.com,Male,113.169.82.217
492,Sebastiano,Nijs,snijsdn@imageshack.us,Male,215.151.170.105
493,Cassius,Penhearow,cpenhearowdo@theguardian.com,Male,186.65.240.16
494,Jake,Leece,jleecedp@vk.com,Male,250.2.213.51
495,Maitilde,Fishpond,mfishponddq@ebay.com,Female,144.80.0.147
496,Gilda,Shortall,gshortalldr@a8.net,Female,243.130.146.27
497,Waylin,Meins,wmeinsds@bravesites.com,Male,111.140.226.57
498,Harald,Beasleigh,hbeasleighdt@ning.com,Male,86.212.85.194
499,Fianna,Clappson,fclappsondu@chron.com,Female,57.242.177.211
500,Kordula,Beall,kbealldv@tinypic.com,Female,172.251.122.125
501,Fons,Finnis,ffinnisdw@delicious.com,Male,50.50.1.196
502,Verene,Kohnemann,vkohnemanndx@rakuten.co.jp,Female,211.24.246.232
503,Elnore,Joselevitch,ejoselevitchdy@cocolog-nifty.com,Female,200.83.114.85
504,Roxine,Furtado,rfurtadodz@zimbio.com,Female,180.27.0.140
505,Rourke,Lapides,rlapidese0@indiegogo.com,Male,129.164.27.184
506,Nance,Bernaldo,nbernaldoe1@topsy.com,Female,102.162.236.27
507,Kaspar,Ainscough,kainscoughe2@google.ru,Male,98.123.107.140
508,Christye,McDonald,cmcdonalde3@amazon.co.uk,Female,58.21.223.14
509,Vernor,Howat,vhowate4@redcross.org,Male,125.150.194.251
510,Candide,Kolushev,ckolusheve5@army.mil,Female,36.127.106.15
511,Maud,Ebdon,mebdone6@wikispaces.com,Female,143.56.168.5
512,Barnett,Trangmar,btrangmare7@w3.org,Male,215.189.97.169
513,Jemmie,Wyllis,jwyllise8@hugedomains.com,Female,45.234.193.43
514,Vic,Wherrett,vwherrette9@wikipedia.org,Male,56.18.10.102
515,Cassandra,Fairall,cfairallea@xing.com,Female,76.164.67.143
516,Morris,Pardew,mpardeweb@bbc.co.uk,Male,149.75.129.107
517,Lorant,Thalmann,lthalmannec@kickstarter.com,Male,195.94.168.244
518,Tadd,Velte,tvelteed@netlog.com,Male,179.202.113.65
519,Andrej,Mennithorp,amennithorpee@edublogs.org,Male,238.251.255.125
520,Quincey,Crosby,qcrosbyef@opensource.org,Male,235.173.98.33
521,Andie,Sisland,asislandeg@vkontakte.ru,Female,154.214.175.160
522,Lesly,Garbar,lgarbareh@yellowpages.com,Female,247.236.163.160
523,Sanderson,Meaker,smeakerei@prnewswire.com,Male,251.78.164.243
524,Janna,Dineen,jdineenej@last.fm,Female,133.71.183.251
525,Bastien,MacNeilley,bmacneilleyek@hp.com,Male,172.231.62.151
526,Ruthanne,Ovendale,rovendaleel@ox.ac.uk,Female,220.236.178.198
527,Juliette,Marlin,jmarlinem@accuweather.com,Female,122.242.1.129
528,Alwin,Messer,amesseren@ox.ac.uk,Male,118.20.177.193
529,Orrin,Mabbot,omabboteo@soup.io,Male,212.29.5.113
530,Terry,Jodrelle,tjodrelleep@theatlantic.com,Female,57.124.240.67
531,Tammy,Bascomb,tbascombeq@macromedia.com,Female,159.97.165.147
532,Peggy,Learned,plearneder@marriott.com,Female,171.150.244.49
533,Arlen,Findlay,afindlayes@reuters.com,Female,49.108.76.95
534,Garwin,Dimont,gdimontet@xing.com,Male,85.112.229.26
535,Micki,Philippart,mphilipparteu@mashable.com,Female,233.206.254.117
536,Garth,Thonger,gthongerev@google.co.jp,Male,211.148.221.185
537,Martainn,Ikringill,mikringillew@senate.gov,Male,172.85.237.174
538,Chiquita,Fetherston,cfetherstonex@sogou.com,Female,14.153.95.249
539,Win,Charsley,wcharsleyey@yandex.ru,Male,114.148.7.181
540,Blaine,McTeer,bmcteerez@nationalgeographic.com,Male,193.116.135.133
541,Quincy,Parminter,qparminterf0@weather.com,Male,215.117.80.78
542,Vail,Ransome,vransomef1@reuters.com,Male,150.223.195.122
543,Garnet,Iacovaccio,giacovacciof2@tumblr.com,Female,22.252.187.235
544,Marjory,Genner,mgennerf3@elpais.com,Female,168.229.94.63
545,Felice,Kubek,fkubekf4@topsy.com,Female,222.225.87.188
546,Suki,Simonutti,ssimonuttif5@reference.com,Female,86.105.239.159
547,Haroun,Swalteridge,hswalteridgef6@ask.com,Male,150.189.189.82
548,Ambros,Picard,apicardf7@paypal.com,Male,18.0.178.42
549,Margareta,McVittie,mmcvittief8@trellian.com,Female,51.220.182.21
550,Amery,Van Halle,avanhallef9@webeden.co.uk,Male,6.234.163.63
551,Torrence,Carff,tcarfffa@edublogs.org,Male,95.39.130.61
552,Brear,Knagges,bknaggesfb@foxnews.com,Female,92.180.25.162
553,Raff,Ohanessian,rohanessianfc@desdev.cn,Male,200.50.240.183
554,Evy,Cawkill,ecawkillfd@prweb.com,Female,23.195.20.128
555,Mendy,Beautyman,mbeautymanfe@wikipedia.org,Male,148.207.180.65
556,Yulma,Ordidge,yordidgeff@mozilla.com,Male,68.51.105.69
557,Cobbie,Elphee,celpheefg@yelp.com,Male,56.152.78.55
558,Josee,Alliott,jalliottfh@java.com,Female,194.162.169.210
559,Mel,Lashmore,mlashmorefi@europa.eu,Male,218.119.209.137
560,Nari,Culy,nculyfj@miitbeian.gov.cn,Female,243.46.132.131
561,Paolina,Moreton,pmoretonfk@columbia.edu,Female,214.173.32.193
562,Merralee,Pierri,mpierrifl@illinois.edu,Female,38.7.155.170
563,Paola,Jancey,pjanceyfm@apple.com,Female,18.172.41.130
564,Bertie,Pierton,bpiertonfn@amazon.com,Female,219.110.253.141
565,Valeria,McIver,vmciverfo@blogtalkradio.com,Female,31.112.242.218
566,Lacee,Dovermann,ldovermannfp@instagram.com,Female,225.220.146.181
567,Aurelia,Wootton,awoottonfq@google.ru,Female,147.175.199.35
568,Anastasie,Dunthorn,adunthornfr@washington.edu,Female,173.204.160.93
569,Georgena,Jolly,gjollyfs@chicagotribune.com,Female,15.49.3.121
570,Stan,Bessett,sbessettft@tiny.cc,Male,203.159.85.210
571,Skippy,Braxay,sbraxayfu@barnesandnoble.com,Male,94.90.7.84
572,Jacquelin,Shelsher,jshelsherfv@va.gov,Female,4.215.107.13
573,Cassandra,Gilbeart,cgilbeartfw@npr.org,Female,170.74.198.85
574,Hillel,Jeanon,hjeanonfx@mac.com,Male,18.80.56.16
575,Gilles,Old,goldfy@meetup.com,Male,105.250.27.192
576,Marcello,Chadbourn,mchadbournfz@washington.edu,Male,18.9.111.174
577,Rodger,Rouby,rroubyg0@odnoklassniki.ru,Male,214.51.228.190
578,Jock,McElwee,jmcelweeg1@pbs.org,Male,144.224.233.101
579,Antonina,Olliar,aolliarg2@hc360.com,Female,238.78.24.232
580,Bobbi,Fayter,bfayterg3@epa.gov,Female,91.134.114.191
581,Dawn,Dodell,ddodellg4@a8.net,Female,23.228.104.134
582,Rosa,Gile,rgileg5@merriam-webster.com,Female,125.32.250.30
583,Demetri,Lehenmann,dlehenmanng6@edublogs.org,Male,222.137.137.143
584,Matt,Darte,mdarteg7@webnode.com,Male,144.218.53.58
585,Adena,Baumber,abaumberg8@weibo.com,Female,207.206.176.240
586,Brannon,Point,bpointg9@marketwatch.com,Male,237.96.249.167
587,Bobbie,Fey,bfeyga@diigo.com,Male,183.156.145.100
588,Markos,Pither,mpithergb@wired.com,Male,92.92.66.208
589,Hallsy,Oughton,houghtongc@cbsnews.com,Male,24.2.150.230
590,Reg,Morgan,rmorgangd@meetup.com,Male,192.91.209.104
591,Craggy,Chimenti,cchimentige@dailymail.co.uk,Male,143.158.4.180
592,Murielle,Loughan,mloughangf@quantcast.com,Female,190.122.117.107
593,Tedman,Dietsche,tdietschegg@elpais.com,Male,206.169.230.249
594,Harper,Livard,hlivardgh@hc360.com,Male,109.27.125.185
595,Crawford,Rivelin,crivelingi@china.com.cn,Male,87.183.176.57
596,Tammy,Corlett,tcorlettgj@woothemes.com,Male,247.61.108.117
597,Rik,Burbidge,rburbidgegk@webnode.com,Male,27.60.158.171
598,Shepperd,Billinge,sbillingegl@webmd.com,Male,40.176.144.152
599,Dionne,Simonite,dsimonitegm@gmpg.org,Female,111.61.35.70
600,Maureene,Reignould,mreignouldgn@xrea.com,Female,170.112.208.37
601,Rosemary,Maps,rmapsgo@prlog.org,Female,46.82.105.94
602,Armand,Rosbrough,arosbroughgp@springer.com,Male,248.218.111.212
603,Marco,Giroldi,mgiroldigq@amazon.co.uk,Male,42.238.254.118
604,Ulrikaumeko,Cogdon,ucogdongr@google.cn,Female,237.173.50.19
605,Celestina,Chaters,cchatersgs@issuu.com,Female,6.34.116.36
606,Rhody,Huws,rhuwsgt@yellowpages.com,Female,24.168.216.157
607,Diahann,Alfuso,dalfusogu@domainmarket.com,Female,114.28.80.228
608,Christophorus,Butcher,cbutchergv@hexun.com,Male,182.78.186.251
609,Antoni,Castellan,acastellangw@dropbox.com,Male,46.242.33.79
610,Brant,Shuker,bshukergx@is.gd,Male,134.164.94.21
611,Fern,Chipps,fchippsgy@zdnet.com,Female,167.104.66.46
612,Franchot,Grafhom,fgrafhomgz@gizmodo.com,Male,39.169.120.214
613,Silva,Chillistone,schillistoneh0@smh.com.au,Female,195.176.242.232
614,Maurise,Romaine,mromaineh1@princeton.edu,Male,83.94.11.135
615,Allianora,Pozzo,apozzoh2@phpbb.com,Female,12.46.13.124
616,Olive,Orridge,oorridgeh3@sun.com,Female,193.98.141.154
617,Jerrie,Knevet,jkneveth4@usa.gov,Male,231.43.153.128
618,Steffie,Horrod,shorrodh5@noaa.gov,Female,178.140.105.70
619,Nikolaos,Ardy,nardyh6@joomla.org,Male,111.46.248.71
620,Teddie,Viant,tvianth7@webmd.com,Male,248.91.93.97
621,Zarla,Stickney,zstickneyh8@google.co.uk,Female,213.30.41.32
622,Marcelo,Dyott,mdyotth9@msu.edu,Male,5.233.55.201
623,Desi,Pyecroft,dpyecroftha@cargocollective.com,Male,151.29.123.3
624,Sheree,Abbey,sabbeyhb@hud.gov,Female,10.238.44.15
625,Krispin,Dubock,kdubockhc@baidu.com,Male,35.244.4.84
626,Vivian,Harragin,vharraginhd@huffingtonpost.com,Female,225.61.158.246
627,Kacy,Raubenheimers,kraubenheimershe@addtoany.com,Female,247.154.229.205
628,Dory,Fidell,dfidellhf@usgs.gov,Female,146.236.223.137
629,Nikki,Lilie,nliliehg@jigsy.com,Female,36.76.134.198
630,Cull,Cowtherd,ccowtherdhh@domainmarket.com,Male,37.123.94.253
631,Chilton,Wapple,cwapplehi@goo.gl,Male,109.108.160.120
632,Merrel,Richardet,mrichardethj@pinterest.com,Male,37.94.204.128
633,Hobard,Alliott,halliotthk@cnbc.com,Male,29.43.223.167
634,Fredric,Dinsell,fdinsellhl@jugem.jp,Male,9.237.117.16
635,Anthea,Boundy,aboundyhm@ocn.ne.jp,Female,41.73.222.116
636,Casar,Gudge,cgudgehn@smugmug.com,Male,196.70.110.184
637,Westbrook,Trowbridge,wtrowbridgeho@foxnews.com,Male,190.222.210.166
638,Fayre,Dinsale,fdinsalehp@smugmug.com,Female,193.213.183.145
639,Georas,Gisbye,ggisbyehq@twitpic.com,Male,100.22.97.68
640,Farah,O'Cannan,focannanhr@technorati.com,Female,81.207.62.185
641,Roman,Gristhwaite,rgristhwaitehs@storify.com,Male,76.192.245.181
642,Axel,MacCaughen,amaccaughenht@ow.ly,Male,149.97.111.146
643,Stanislaus,Kellock,skellockhu@people.com.cn,Male,128.122.86.20
644,Blayne,Petkov,bpetkovhv@gnu.org,Male,171.57.92.181
645,Paige,Oxenham,poxenhamhw@hc360.com,Female,130.238.85.76
646,Bruce,Hawkswood,bhawkswoodhx@sourceforge.net,Male,51.30.99.103
647,Felix,Grewes,fgreweshy@webeden.co.uk,Male,29.134.33.179
648,Carlynn,Greenacre,cgreenacrehz@oracle.com,Female,16.219.29.63
649,Frasier,Beslier,fbeslieri0@irs.gov,Male,247.163.197.75
650,Madison,Arons,maronsi1@theatlantic.com,Male,187.118.250.115
651,Misty,Chetwind,mchetwindi2@blogtalkradio.com,Female,111.223.217.251
652,Corny,Ratnage,cratnagei3@last.fm,Male,76.143.217.239
653,Cathie,Cocking,ccockingi4@people.com.cn,Female,250.240.5.170
654,Stillman,Ortes,sortesi5@theguardian.com,Male,172.110.231.237
655,Sigismondo,Kenninghan,skenninghani6@twitter.com,Male,29.185.199.55
656,Maurine,Hugonneau,mhugonneaui7@github.io,Female,111.105.234.164
657,Dana,Toyne,dtoynei8@google.com.au,Male,84.117.251.206
658,Audrie,Delagua,adelaguai9@wisc.edu,Female,247.180.105.194
659,Rich,Marley,rmarleyia@booking.com,Male,104.112.192.104
660,Ines,Challin,ichallinib@wikispaces.com,Female,106.61.81.5
661,Tasia,Spellar,tspellaric@blog.com,Female,109.133.124.165
662,Ingram,Lawtie,ilawtieid@imgur.com,Male,102.231.149.64
663,Dennie,Dreus,ddreusie@weather.com,Male,183.111.226.33
664,Annemarie,Cabrer,acabrerif@constantcontact.com,Female,177.191.87.170
665,Berte,Cattroll,bcattrollig@acquirethisname.com,Female,20.179.185.70
666,Iris,Simko,isimkoih@rakuten.co.jp,Female,47.61.128.23
667,Nikolos,Honnan,nhonnanii@ihg.com,Male,212.98.186.22
668,Jacky,Cressy,jcressyij@qq.com,Female,162.156.24.106
669,Adore,Hummerston,ahummerstonik@devhub.com,Female,14.47.176.127
670,Clevie,Gegay,cgegayil@columbia.edu,Male,99.228.209.181
671,Torre,Llorens,tllorensim@google.it,Male,117.2.207.25
672,Vivianne,Condie,vcondiein@skyrock.com,Female,67.125.103.18
673,Reamonn,Waycot,rwaycotio@ifeng.com,Male,62.207.194.241
674,Glendon,Castellan,gcastellanip@edublogs.org,Male,144.18.151.76
675,Dick,Malletratt,dmalletrattiq@cdc.gov,Male,126.147.231.58
676,Neddy,McCraw,nmccrawir@foxnews.com,Male,162.177.17.229
677,Dorian,Trime,dtrimeis@virginia.edu,Female,208.186.9.31
678,Atlante,Gillbanks,agillbanksit@meetup.com,Female,137.222.189.213
679,Hertha,Brissenden,hbrissendeniu@china.com.cn,Female,95.81.200.248
680,Kristel,Lichfield,klichfieldiv@blog.com,Female,32.53.54.232
681,Freedman,Danelut,fdanelutiw@zimbio.com,Male,31.21.251.223
682,Madelin,Goor,mgoorix@baidu.com,Female,111.27.49.237
683,Walden,Munns,wmunnsiy@wunderground.com,Male,199.225.21.132
684,Lane,Bowditch,lbowditchiz@upenn.edu,Female,199.109.135.3
685,Ibrahim,Azema,iazemaj0@livejournal.com,Male,21.170.62.169
686,Lola,Roughsedge,lroughsedgej1@cmu.edu,Female,151.94.219.127
687,Lyndy,Gozzard,lgozzardj2@seesaa.net,Female,165.140.232.103
688,Lorrie,MacQueen,lmacqueenj3@wufoo.com,Male,100.6.25.247
689,Ruy,Giannoni,rgiannonij4@flavors.me,Male,39.29.250.118
690,Ram,O'Hearn,rohearnj5@diigo.com,Male,75.198.44.215
691,Corene,Inkles,cinklesj6@dot.gov,Female,100.158.49.43
692,Jeramie,Nobbs,jnobbsj7@github.io,Male,118.155.165.18
693,Ayn,Naughton,anaughtonj8@timesonline.co.uk,Female,152.85.39.212
694,Woody,Winterscale,wwinterscalej9@g.co,Male,143.146.127.202
695,Magnum,Tomsen,mtomsenja@zdnet.com,Male,5.88.171.109
696,Codie,Farlow,cfarlowjb@globo.com,Male,63.154.109.22
697,Harper,Copland,hcoplandjc@addthis.com,Male,208.113.62.38
698,Sabra,Schustl,sschustljd@w3.org,Female,18.229.73.29
699,Mart,Greensted,mgreenstedje@home.pl,Male,27.27.45.157
700,Jeromy,Cankett,jcankettjf@intel.com,Male,79.137.1.181
701,Curt,Odell,codelljg@xing.com,Male,210.11.109.6
702,Hurlee,Wittrington,hwittringtonjh@addtoany.com,Male,115.106.126.141
703,Leroy,Coverly,lcoverlyji@nydailynews.com,Male,202.221.131.202
704,Caresa,Ovid,covidjj@slashdot.org,Female,218.254.145.208
705,Siegfried,MacKniely,smacknielyjk@independent.co.uk,Male,3.176.224.101
706,Tom,Garrattley,tgarrattleyjl@nbcnews.com,Male,109.52.185.191
707,Gareth,MacWilliam,gmacwilliamjm@cam.ac.uk,Male,200.210.200.226
708,Lanette,Ygou,lygoujn@ebay.com,Female,130.95.211.103
709,Waylon,MacKeever,wmackeeverjo@samsung.com,Male,1.138.51.139
710,Valerie,Joiner,vjoinerjp@constantcontact.com,Female,8.216.111.235
711,Lacee,Arter,larterjq@mlb.com,Female,126.36.58.75
712,Hurley,Obey,hobeyjr@w3.org,Male,204.182.65.155
713,Egan,Adshede,eadshedejs@squarespace.com,Male,175.181.24.147
714,Dion,Gritskov,dgritskovjt@twitpic.com,Male,162.57.207.151
715,Zia,Wellington,zwellingtonju@smh.com.au,Female,113.208.15.133
716,Jermain,Stroband,jstrobandjv@clickbank.net,Male,131.166.150.239
717,Kathlin,Chese,kchesejw@dailymail.co.uk,Female,45.242.104.168
718,Saxon,Rash,srashjx@youku.com,Male,48.246.239.74
719,Lotty,Iscowitz,liscowitzjy@hc360.com,Female,88.128.123.135
720,Maribeth,Scandred,mscandredjz@flavors.me,Female,104.224.79.239
721,Blondy,Reinhard,breinhardk0@webeden.co.uk,Female,213.81.227.108
722,Nyssa,Towsey,ntowseyk1@google.pl,Female,55.148.220.173
723,Abigale,Cristou,acristouk2@netscape.com,Female,119.218.14.79
724,Shir,Clawley,sclawleyk3@ebay.co.uk,Female,225.211.116.170
725,Jacqui,Perrinchief,jperrinchiefk4@drupal.org,Female,99.165.127.103
726,Pepito,Reggler,pregglerk5@instagram.com,Male,204.156.185.236
727,Betti,Rannie,branniek6@nih.gov,Female,199.29.55.87
728,Garland,Oolahan,goolahank7@drupal.org,Female,77.69.254.3
729,Corly,McOrkil,cmcorkilk8@123-reg.co.uk,Female,106.58.80.15
730,Carver,Sang,csangk9@cpanel.net,Male,145.52.50.117
731,Brynne,Girk,bgirkka@ucsd.edu,Female,201.42.27.169
732,Killy,Ovell,kovellkb@printfriendly.com,Male,7.30.117.209
733,Godfree,Jannasch,gjannaschkc@telegraph.co.uk,Male,211.48.153.97
734,Morse,Hatchard,mhatchardkd@cmu.edu,Male,169.194.190.41
735,Dirk,Pearmain,dpearmainke@desdev.cn,Male,218.45.148.224
736,Morna,Beauly,mbeaulykf@g.co,Female,77.98.28.8
737,Antoni,Stanier,astanierkg@guardian.co.uk,Male,39.18.31.105
738,Benjamin,Cornwall,bcornwallkh@umich.edu,Male,185.189.65.220
739,Eulalie,Reaper,ereaperki@oracle.com,Female,223.177.168.83
740,Elfrieda,Pardey,epardeykj@opensource.org,Female,110.164.203.153
741,Yevette,Portman,yportmankk@shinystat.com,Female,208.90.41.69
742,Nixie,Keppy,nkeppykl@hostgator.com,Female,44.131.254.23
743,Stephana,Mylechreest,smylechreestkm@oracle.com,Female,198.254.16.209
744,Gwenni,Mancell,gmancellkn@shutterfly.com,Female,78.81.34.219
745,Bevvy,Joost,bjoostko@feedburner.com,Female,59.120.138.47
746,Corilla,Armin,carminkp@kickstarter.com,Female,67.122.177.119
747,Kamilah,Stuer,kstuerkq@theatlantic.com,Female,216.255.131.84
748,Remy,Leighfield,rleighfieldkr@lycos.com,Female,239.10.125.114
749,Kakalina,Altoft,kaltoftks@cmu.edu,Female,65.60.204.139
750,Mellisent,Darch,mdarchkt@hexun.com,Female,61.234.164.168
751,Drucill,Jaimez,djaimezku@noaa.gov,Female,182.102.249.9
752,Gabie,Marshman,gmarshmankv@gravatar.com,Female,189.77.228.242
753,Herve,Edwards,hedwardskw@artisteer.com,Male,90.116.142.133
754,Lesya,Oven,lovenkx@wufoo.com,Female,233.245.124.66
755,Dora,Clewer,dclewerky@admin.ch,Female,8.140.166.217
756,Ruddy,Bimson,rbimsonkz@cdc.gov,Male,108.52.156.171
757,Gabi,Trim,gtriml0@issuu.com,Male,29.56.167.97
758,Leland,Beecheno,lbeechenol1@dyndns.org,Male,248.88.180.250
759,Lyndell,Jikovsky,ljikovskyl2@rakuten.co.jp,Female,159.21.161.135
760,Valentia,Assel,vassell3@redcross.org,Female,202.231.248.251
761,Nikolaus,Pickthorn,npickthornl4@nytimes.com,Male,75.63.181.157
762,Alwin,Attock,aattockl5@ucsd.edu,Male,239.37.255.159
763,Melisent,Thew,mthewl6@xrea.com,Female,223.254.213.196
764,Gaspard,Meak,gmeakl7@instagram.com,Male,71.228.70.56
765,Alyson,Titterton,atittertonl8@php.net,Female,138.94.234.90
766,Rina,Gresch,rgreschl9@bloomberg.com,Female,119.134.203.151
767,Augustine,Woodhall,awoodhallla@reuters.com,Male,104.77.89.32
768,Jammal,Ketley,jketleylb@tripadvisor.com,Male,125.57.103.2
769,Darell,Dederich,ddederichlc@storify.com,Female,123.190.105.230
770,Daphna,Skate,dskateld@oracle.com,Female,244.78.42.224
771,Elsy,Jirka,ejirkale@nasa.gov,Female,51.107.148.245
772,Ian,Pidler,ipidlerlf@geocities.com,Male,227.144.87.45
773,Orion,Sagrott,osagrottlg@bloomberg.com,Male,46.5.111.9
774,Lowell,Chesworth,lchesworthlh@slashdot.org,Male,126.233.129.165
775,Kally,Duigan,kduiganli@cornell.edu,Female,151.248.180.224
776,Ulrikaumeko,Allridge,uallridgelj@google.com.au,Female,102.136.141.42
777,Sophey,Babin,sbabinlk@nbcnews.com,Female,83.124.24.127
778,Brit,Ailmer,bailmerll@dmoz.org,Female,73.222.49.16
779,Annadiana,Ygo,aygolm@ustream.tv,Female,117.201.189.83
780,Agneta,Edleston,aedlestonln@gmpg.org,Female,172.235.201.53
781,Teddie,Ryder,tryderlo@marketwatch.com,Male,255.107.88.71
782,Felicia,Moulton,fmoultonlp@apache.org,Female,69.158.119.222
783,Lori,Granville,lgranvillelq@weibo.com,Female,179.34.230.203
784,Maureen,Pruce,mprucelr@ovh.net,Female,133.51.132.7
785,Buck,Birtwhistle,bbirtwhistlels@geocities.jp,Male,78.30.123.109
786,Ciro,Stimson,cstimsonlt@ucoz.com,Male,66.11.132.60
787,Hobart,Jeannard,hjeannardlu@nature.com,Male,137.145.123.22
788,Micheline,Goodier,mgoodierlv@parallels.com,Female,94.233.248.174
789,Will,Legendre,wlegendrelw@woothemes.com,Male,90.13.237.215
790,Friederike,McShee,fmcsheelx@last.fm,Female,231.80.103.29
791,Gardner,Drydale,gdrydalely@google.com,Male,181.61.106.63
792,Alyson,McKintosh,amckintoshlz@quantcast.com,Female,80.49.31.254
793,Bartholomew,Bruni,bbrunim0@wikispaces.com,Male,78.141.220.136
794,Ursola,Randalson,urandalsonm1@pcworld.com,Female,31.32.30.124
795,Clementine,Tottie,ctottiem2@example.com,Female,156.232.145.172
796,Wang,Pellamont,wpellamontm3@columbia.edu,Male,66.34.227.192
797,Carce,Berresford,cberresfordm4@desdev.cn,Male,47.63.33.247
798,Chrissy,Yerby,cyerbym5@tamu.edu,Male,180.230.65.169
799,Sophronia,Swayton,sswaytonm6@homestead.com,Female,156.246.62.94
800,Christi,Siney,csineym7@wix.com,Female,125.30.169.125
801,Magdalena,Jilkes,mjilkesm8@auda.org.au,Female,240.213.220.191
802,Jerri,Ropkins,jropkinsm9@51.la,Male,86.33.22.71
803,Diarmid,Madill,dmadillma@discuz.net,Male,176.214.167.72
804,Melba,Auty,mautymb@altervista.org,Female,252.59.222.143
805,Denyse,Lunn,dlunnmc@gnu.org,Female,59.22.55.253
806,Yetty,Adicot,yadicotmd@behance.net,Female,139.231.90.13
807,Reagan,Dummer,rdummerme@wikimedia.org,Male,153.192.159.135
808,Vonnie,Postgate,vpostgatemf@rediff.com,Female,91.111.74.136
809,Sandor,Andreolli,sandreollimg@latimes.com,Male,123.81.50.220
810,Prince,Morston,pmorstonmh@noaa.gov,Male,171.85.178.133
811,Gabriel,Catchpole,gcatchpolemi@yelp.com,Female,216.182.51.250
812,Bailey,Ardron,bardronmj@yellowbook.com,Male,84.27.13.106
813,Stoddard,Laven,slavenmk@aol.com,Female,43.79.112.234
814,Sonni,Ovell,sovellml@dagondesign.com,Female,99.72.227.176
815,Rosetta,Barefoot,rbarefootmm@miitbeian.gov.cn,Female,107.164.127.27
816,Cristina,Stayt,cstaytmn@timesonline.co.uk,Female,216.105.4.228
817,Emalia,Presland,epreslandmo@histats.com,Female,231.137.130.106
818,Nickolas,Prinnett,nprinnettmp@friendfeed.com,Male,42.101.23.80
819,Mira,Pirrone,mpirronemq@delicious.com,Female,93.44.205.105
820,Jard,Standish,jstandishmr@msu.edu,Male,0.86.100.11
821,Theresita,Ovett,tovettms@abc.net.au,Female,62.68.175.27
822,Georgy,Nevins,gnevinsmt@hugedomains.com,Male,115.162.106.116
823,Humberto,Cufflin,hcufflinmu@weibo.com,Male,120.153.232.143
824,Sib,Sinden,ssindenmv@godaddy.com,Female,187.102.16.191
825,Lorne,Stainbridge,lstainbridgemw@indiatimes.com,Male,183.233.49.1
826,Cyrill,Waddup,cwaddupmx@ftc.gov,Male,217.96.244.30
827,Charmian,Tofpik,ctofpikmy@g.co,Female,167.208.76.184
828,Orlando,Alphonso,oalphonsomz@amazon.com,Male,104.150.230.244
829,Melania,De la Yglesia,mdelayglesian0@pbs.org,Female,165.9.2.56
830,Gerrie,Seczyk,gseczykn1@amazon.com,Male,122.14.121.251
831,Tucky,Ashment,tashmentn2@rakuten.co.jp,Male,188.222.183.168
832,Ella,Wyld,ewyldn3@accuweather.com,Female,204.192.44.61
833,Sharline,Shayler,sshaylern4@so-net.ne.jp,Female,87.102.167.55
834,Glennie,Pethybridge,gpethybridgen5@yelp.com,Female,216.209.37.44
835,Town,Syfax,tsyfaxn6@yolasite.com,Male,148.91.227.120
836,Farr,Boyack,fboyackn7@t-online.de,Male,21.91.73.14
837,Pincas,Noraway,pnorawayn8@sbwire.com,Male,116.55.129.18
838,Isidore,Matterson,imattersonn9@seattletimes.com,Male,157.191.25.88
839,Berta,Launchbury,blaunchburyna@cyberchimps.com,Female,22.98.61.217
840,Eve,Whiteford,ewhitefordnb@foxnews.com,Female,148.186.13.200
841,Leonidas,Starling,lstarlingnc@yellowbook.com,Male,85.151.232.195
842,Jarrett,Tremmil,jtremmilnd@ucsd.edu,Male,206.68.174.138
843,Lin,Delgadillo,ldelgadillone@google.fr,Female,162.210.141.200
844,Calv,Broscombe,cbroscombenf@jiathis.com,Male,218.159.248.193
845,Bendix,Arnely,barnelyng@yale.edu,Male,65.6.158.185
846,Trudy,Crevagh,tcrevaghnh@cdbaby.com,Female,146.33.14.255
847,Raeann,Raisbeck,rraisbeckni@who.int,Female,74.113.195.95
848,Leonid,Gammons,lgammonsnj@apple.com,Male,53.56.66.136
849,Lydie,Money,lmoneynk@nih.gov,Female,224.118.81.145
850,Bertha,Wyldbore,bwyldborenl@tripod.com,Female,146.227.58.103
851,Ardyce,Eccott,aeccottnm@netlog.com,Female,106.2.56.247
852,Whitby,Scargill,wscargillnn@columbia.edu,Male,189.164.170.171
853,Reagen,Karpol,rkarpolno@sitemeter.com,Male,56.13.133.197
854,Charmaine,Danielsson,cdanielssonnp@yolasite.com,Female,112.96.110.253
855,Olivier,Mauro,omauronq@youtube.com,Male,14.60.184.12
856,Chandler,Munkley,cmunkleynr@mysql.com,Male,57.183.104.79
857,Hobard,Fairbeard,hfairbeardns@cmu.edu,Male,193.191.40.203
858,Caria,Tillerton,ctillertonnt@multiply.com,Female,250.79.190.242
859,Rhiamon,Just,rjustnu@lulu.com,Female,37.64.73.205
860,Stesha,Spratley,sspratleynv@cam.ac.uk,Female,84.227.168.252
861,Glad,Danis,gdanisnw@nih.gov,Female,143.82.227.218
862,Xavier,McCurrie,xmccurrienx@4shared.com,Male,233.23.136.144
863,Berny,Cragoe,bcragoeny@usnews.com,Male,224.24.28.248
864,Lay,Joules,ljoulesnz@blogs.com,Male,95.201.21.76
865,Daniel,Size,dsizeo0@globo.com,Male,0.66.76.220
866,Murial,Goranov,mgoranovo1@meetup.com,Female,174.175.254.145
867,Yalonda,Talkington,ytalkingtono2@unicef.org,Female,106.116.53.237
868,Torr,Ernke,ternkeo3@google.pl,Male,10.112.26.161
869,Ulrica,Serris,userriso4@prlog.org,Female,185.188.139.104
870,Margarethe,Gilby,mgilbyo5@aol.com,Female,153.92.139.28
871,Ashlie,Oddy,aoddyo6@princeton.edu,Female,101.69.188.174
872,Bobinette,Guy,bguyo7@histats.com,Female,5.3.209.36
873,Joanna,Dryden,jdrydeno8@auda.org.au,Female,28.153.48.28
874,Isis,Overstall,ioverstallo9@icq.com,Female,7.167.168.17
875,Cati,Pikhno,cpikhnooa@oracle.com,Female,192.101.43.74
876,Alvan,Godsell,agodsellob@github.io,Male,125.51.69.95
877,Purcell,Sexty,psextyoc@pen.io,Male,202.195.110.148
878,Aristotle,Rowler,arowlerod@merriam-webster.com,Male,5.219.102.26
879,Jude,Linsay,jlinsayoe@mashable.com,Male,177.33.83.224
880,Nanon,Perdue,nperdueof@craigslist.org,Female,212.70.106.160
881,Cob,Stamp,cstampog@webmd.com,Male,100.70.212.41
882,Veronique,Wingate,vwingateoh@networksolutions.com,Female,37.41.38.188
883,Lew,Lawland,llawlandoi@1und1.de,Male,10.154.84.216
884,Jilleen,Mackerel,jmackereloj@accuweather.com,Female,7.164.74.30
885,Gerhardt,Heis,gheisok@yolasite.com,Male,179.4.184.228
886,Nathalia,Beals,nbealsol@is.gd,Female,157.128.62.170
887,Josephina,Marguerite,jmargueriteom@bravesites.com,Female,13.147.246.173
888,Urbain,Oldroyde,uoldroydeon@loc.gov,Male,254.132.145.216
889,Cazzie,Cartmel,ccartmeloo@sogou.com,Male,221.50.111.61
890,Florian,Tabbernor,ftabbernorop@ucoz.ru,Male,157.201.198.191
891,Patsy,Romanetti,promanettioq@japanpost.jp,Male,209.156.79.59
892,Gail,Hendin,ghendinor@shop-pro.jp,Female,61.36.164.102
893,Jimmie,Southcoat,jsouthcoatos@facebook.com,Male,123.149.78.177
894,Rik,Simnell,rsimnellot@whitehouse.gov,Male,238.241.200.34
895,Hannis,Teggart,hteggartou@ebay.com,Female,171.187.95.190
896,Reggy,Lampett,rlampettov@cloudflare.com,Male,17.147.20.133
897,Goddard,St Pierre,gstpierreow@topsy.com,Male,173.143.110.25
898,Gilles,Brougham,gbroughamox@seesaa.net,Male,69.26.99.199
899,Shannan,Olufsen,solufsenoy@apache.org,Male,6.25.239.117
900,Shandie,Older,solderoz@google.ru,Female,183.97.176.37
901,Roderic,Streather,rstreatherp0@nationalgeographic.com,Male,49.123.103.1
902,Carmon,Tilt,ctiltp1@bbc.co.uk,Female,30.194.116.133
903,Silva,Grzegorzewski,sgrzegorzewskip2@guardian.co.uk,Female,106.216.37.0
904,Evy,Conaghy,econaghyp3@thetimes.co.uk,Female,169.33.78.65
905,Shandeigh,Theseira,stheseirap4@hud.gov,Female,77.39.220.55
906,Gerick,Coles,gcolesp5@shutterfly.com,Male,94.73.98.157
907,Eldridge,Peggram,epeggramp6@tmall.com,Male,41.221.28.112
908,Michaela,Beacroft,mbeacroftp7@blogger.com,Female,40.177.98.240
909,Wini,Bacchus,wbacchusp8@multiply.com,Female,216.57.184.157
910,Saidee,Vaudrey,svaudreyp9@reverbnation.com,Female,237.139.251.25
911,Goddard,Sunnex,gsunnexpa@ftc.gov,Male,195.47.69.131
912,Farrell,Kos,fkospb@prlog.org,Male,99.243.73.89
913,Shell,Josebury,sjoseburypc@soundcloud.com,Male,150.40.233.89
914,Sibylle,Vaszoly,svaszolypd@hugedomains.com,Female,47.135.188.227
915,King,Rzehorz,krzehorzpe@umich.edu,Male,189.184.21.165
916,Ileane,Blythin,iblythinpf@phpbb.com,Female,218.2.24.114
917,Tomlin,MacConneely,tmacconneelypg@sakura.ne.jp,Male,167.179.127.140
918,Terri-jo,Glencorse,tglencorseph@nytimes.com,Female,253.197.222.230
919,Susanna,Gaunson,sgaunsonpi@imageshack.us,Female,245.43.252.102
920,Malinde,Beeho,mbeehopj@desdev.cn,Female,102.240.54.226
921,Mira,Dmytryk,mdmytrykpk@cocolog-nifty.com,Female,146.52.212.219
922,Alejandra,Edworthie,aedworthiepl@techcrunch.com,Female,213.128.204.3
923,Neilla,Aaronsohn,naaronsohnpm@biblegateway.com,Female,144.187.12.140
924,Arabel,McGennis,amcgennispn@elegantthemes.com,Female,41.230.122.81
925,Durante,Bogie,dbogiepo@cocolog-nifty.com,Male,236.116.189.254
926,Cecilio,Hook,chookpp@oakley.com,Male,191.136.11.84
927,Goddart,Tough,gtoughpq@unblog.fr,Male,207.96.215.255
928,Torrance,Dyke,tdykepr@mapquest.com,Male,96.90.253.49
929,Obediah,McKerron,omckerronps@jalbum.net,Male,246.3.29.254
930,Van,Groneway,vgronewaypt@bluehost.com,Female,210.42.175.192
931,Liuka,Buck,lbuckpu@xinhuanet.com,Female,82.59.55.161
932,Lefty,Schollar,lschollarpv@ed.gov,Male,170.121.209.8
933,Ichabod,Golson,igolsonpw@sina.com.cn,Male,217.163.122.75
934,Ranique,Oldall,roldallpx@google.co.jp,Female,55.12.126.144
935,Birch,Castagnaro,bcastagnaropy@e-recht24.de,Male,199.22.251.3
936,Terrance,Spaule,tspaulepz@altervista.org,Male,196.130.84.209
937,Dode,Elnough,delnoughq0@unicef.org,Female,59.231.232.188
938,Ashlin,Johanchon,ajohanchonq1@latimes.com,Male,23.199.204.212
939,Laurent,Legon,llegonq2@dot.gov,Male,213.117.111.41
940,Verge,Scalera,vscaleraq3@newsvine.com,Male,54.26.51.249
941,Jolee,Kolodziejski,jkolodziejskiq4@time.com,Female,113.164.142.241
942,Sayre,Hackly,shacklyq5@blog.com,Female,97.131.253.96
943,Dominick,Otto,dottoq6@goo.gl,Male,89.110.88.113
944,Felicdad,Ivel,fivelq7@histats.com,Female,63.6.189.212
945,Jorry,Tampin,jtampinq8@mtv.com,Female,177.145.218.195
946,Kandace,Trahair,ktrahairq9@deviantart.com,Female,190.64.97.39
947,Geoffry,Darlington,gdarlingtonqa@telegraph.co.uk,Male,119.205.30.64
948,Sammy,Meech,smeechqb@multiply.com,Female,89.165.253.230
949,Junie,Kenrat,jkenratqc@networksolutions.com,Female,55.23.252.217
950,Gennifer,Dennitts,gdennittsqd@godaddy.com,Female,115.189.252.255
951,Napoleon,Korlat,nkorlatqe@google.com,Male,104.96.228.8
952,Arlan,Seymark,aseymarkqf@ehow.com,Male,120.48.121.29
953,Morgan,Dady,mdadyqg@europa.eu,Male,72.15.191.198
954,Lind,Oertzen,loertzenqh@pcworld.com,Female,255.60.17.208
955,Erastus,Carnelley,ecarnelleyqi@sbwire.com,Male,63.61.91.173
956,Walden,Matthieson,wmatthiesonqj@pinterest.com,Male,204.117.207.167
957,Raff,Lecount,rlecountqk@issuu.com,Male,128.249.245.149
958,Lizette,Aylward,laylwardql@redcross.org,Female,83.4.32.80
959,Hans,Birds,hbirdsqm@youtu.be,Male,101.215.160.200
960,Halli,Asser,hasserqn@xing.com,Female,217.223.122.19
961,Menard,Le Monnier,mlemonnierqo@archive.org,Male,150.120.65.196
962,Gerick,Olivey,goliveyqp@vimeo.com,Male,8.38.214.250
963,Phaidra,Lofting,ploftingqq@prweb.com,Female,141.237.248.103
964,Phebe,Axten,paxtenqr@bbb.org,Female,218.14.225.42
965,Devlen,Tulloch,dtullochqs@wordpress.com,Male,245.237.140.101
966,Virgilio,Playden,vplaydenqt@about.me,Male,18.83.226.75
967,Meriel,Rebert,mrebertqu@about.com,Female,182.1.123.10
968,Davita,McKane,dmckaneqv@godaddy.com,Female,104.126.233.73
969,Thaxter,Butfield,tbutfieldqw@cisco.com,Male,231.56.34.152
970,Ludwig,Degli Abbati,ldegliabbatiqx@amazon.de,Male,135.191.64.4
971,Marna,Childs,mchildsqy@abc.net.au,Female,221.105.14.188
972,Mario,Arendt,marendtqz@theglobeandmail.com,Male,80.82.199.79
973,Terrence,Wohler,twohlerr0@tinypic.com,Male,126.222.227.198
974,Tildie,Binney,tbinneyr1@amazon.co.uk,Female,183.243.128.210
975,Cecile,Baumford,cbaumfordr2@va.gov,Female,96.160.63.57
976,Chloette,Woodes,cwoodesr3@google.cn,Female,87.109.185.24
977,Lorita,Mostin,lmostinr4@storify.com,Female,98.133.233.77
978,Paddy,Heindle,pheindler5@skype.com,Male,100.124.21.31
979,Britt,Rowes,browesr6@mlb.com,Male,127.37.1.89
980,Brennan,Daymond,bdaymondr7@dmoz.org,Male,214.37.254.248
981,Kerry,Bothe,kbother8@prlog.org,Female,154.26.109.108
982,Olive,Fludgate,ofludgater9@opera.com,Female,179.185.49.31
983,Antoinette,Edinborough,aedinboroughra@vk.com,Female,254.38.98.215
984,Putnam,Watton,pwattonrb@shop-pro.jp,Male,56.181.37.88
985,Josie,Mulvin,jmulvinrc@quantcast.com,Female,60.164.2.204
986,Vinni,Culleton,vculletonrd@theglobeandmail.com,Female,221.180.80.57
987,Melinde,Hurworth,mhurworthre@nationalgeographic.com,Female,216.76.245.36
988,Marys,Pethrick,mpethrickrf@sbwire.com,Female,202.100.246.89
989,Willard,Guilford,wguilfordrg@ocn.ne.jp,Male,76.223.197.124
990,Maressa,Pidgeley,mpidgeleyrh@ucoz.ru,Female,32.147.204.68
991,Hertha,McGing,hmcgingri@cdbaby.com,Female,50.26.142.12
992,Harv,Jiles,hjilesrj@sfgate.com,Male,184.25.104.254
993,Stormi,Tidbald,stidbaldrk@deliciousdays.com,Female,52.254.117.91
994,Fanchon,Janodet,fjanodetrl@51.la,Female,122.149.114.252
995,Lyndsie,Snalum,lsnalumrm@ucsd.edu,Female,210.151.164.121
996,Ambur,Goodluck,agoodluckrn@senate.gov,Female,2.121.149.97
997,Mari,Springthorp,mspringthorpro@purevolume.com,Female,152.40.72.68
998,Aldric,Hursey,ahurseyrp@ca.gov,Male,34.158.241.254
999,Normie,Bertelsen,nbertelsenrq@friendfeed.com,Male,242.153.83.234
1000,Stephi,Loxton,sloxtonrr@blogger.com,Female,114.27.156.70
